
/*!40030 SET NAMES UTF8 */;
/*!40101 SET @OLD_CHARACTER_SET_CLIENT=@@CHARACTER_SET_CLIENT */;
/*!40101 SET @OLD_CHARACTER_SET_RESULTS=@@CHARACTER_SET_RESULTS */;
/*!40101 SET @OLD_COLLATION_CONNECTION=@@COLLATION_CONNECTION */;
/*!40103 SET @OLD_TIME_ZONE=@@TIME_ZONE */;
/*!40103 SET TIME_ZONE='+00:00' */;
/*!40014 SET @OLD_UNIQUE_CHECKS=@@UNIQUE_CHECKS, UNIQUE_CHECKS=0 */;
/*!40014 SET @OLD_FOREIGN_KEY_CHECKS=@@FOREIGN_KEY_CHECKS, FOREIGN_KEY_CHECKS=0 */;
/*!40101 SET @OLD_SQL_MODE=@@SQL_MODE, SQL_MODE='NO_AUTO_VALUE_ON_ZERO' */;
/*!40111 SET @OLD_SQL_NOTES=@@SQL_NOTES, SQL_NOTES=0 */;

drop database vk;

create database vk;

use vk;

DROP TABLE IF EXISTS `users`;
CREATE TABLE `users` (
  `id` int(10) unsigned NOT NULL AUTO_INCREMENT COMMENT 'Идентификатор строки',
  `first_name` varchar(100) COLLATE utf8_unicode_ci NOT NULL COMMENT 'Имя пользователя',
  `last_name` varchar(100) COLLATE utf8_unicode_ci NOT NULL COMMENT 'Фамилия пользователя',
  `email` varchar(100) COLLATE utf8_unicode_ci NOT NULL COMMENT 'Почта',
  `phone` varchar(100) COLLATE utf8_unicode_ci NOT NULL COMMENT 'Телефон',
  `created_at` datetime DEFAULT current_timestamp() COMMENT 'Время создания строки',
  `updated_at` datetime DEFAULT current_timestamp() ON UPDATE current_timestamp() COMMENT 'Время обновления строки',
  PRIMARY KEY (`id`),
  UNIQUE KEY `email` (`email`),
  UNIQUE KEY `phone` (`phone`)
) ENGINE=InnoDB AUTO_INCREMENT=101 DEFAULT CHARSET=utf8 COLLATE=utf8_unicode_ci COMMENT='Пользователи';

INSERT INTO `users` VALUES ('1','Jovany','Block','nwiza@example.com','+09(5)2417727453','2013-11-06 14:16:27','2014-02-22 03:23:40'),
('2','Rupert','Hamill','katherine.kunde@example.net','01549526913','2012-04-20 06:59:56','2011-01-11 05:25:26'),
('3','Dale','Tremblay','dmurray@example.com','760-479-7964x980','2011-04-27 12:39:25','2020-09-26 02:04:36'),
('4','Melvina','Bechtelar','rkling@example.net','07610762796','2012-08-29 14:46:12','2015-08-28 09:13:43'),
('5','Esmeralda','Parisian','dkozey@example.net','661.663.9596','2019-02-27 06:36:57','2017-02-01 20:13:20'),
('6','Roslyn','Connelly','wschroeder@example.net','06542415397','2019-07-21 08:07:11','2017-07-30 11:10:46'),
('7','Danielle','Conroy','kertzmann.robyn@example.org','+98(5)0592863850','2020-10-19 13:27:24','2013-02-14 18:33:39'),
('8','Leonor','Spinka','hayden23@example.org','(335)888-7371x639','2011-01-06 03:45:54','2016-12-19 23:02:40'),
('9','Aracely','Pfannerstill','katrine48@example.org','+76(9)2528261209','2016-06-16 21:21:08','2015-03-04 10:54:28'),
('10','Catherine','Hane','jazmyn.parker@example.com','1-264-803-6510','2015-04-20 21:39:23','2020-07-05 18:08:16'),
('11','Payton','Shanahan','angelo.kilback@example.org','436-716-1048','2017-03-24 12:13:18','2014-03-28 10:10:25'),
('12','Tremayne','Robel','abel65@example.net','420.848.3879x19850','2012-03-27 09:44:20','2011-09-03 04:10:08'),
('13','Wyman','Robel','tre53@example.net','588.965.3957x74485','2020-04-26 08:35:58','2017-03-29 15:38:05'),
('14','Kennedy','Wolff','jesse.corwin@example.net','1-510-805-4793','2017-02-27 12:16:22','2016-07-26 02:30:35'),
('15','Lisette','King','mconsidine@example.org','(594)926-4607x1973','2020-09-17 16:20:47','2013-05-07 03:49:49'),
('16','Toni','Windler','ppagac@example.net','(509)418-4002x5425','2016-10-05 18:08:04','2019-11-04 20:53:03'),
('17','Charles','Keeling','shana80@example.net','(665)755-9773','2011-03-19 15:55:52','2018-06-19 00:24:57'),
('18','Royce','Morar','marion.moore@example.org','1-593-651-7312x2342','2018-06-01 14:33:34','2012-12-28 16:32:14'),
('19','Fermin','Satterfield','herta90@example.org','1-044-216-6366','2016-11-16 14:46:36','2016-10-12 09:22:29'),
('20','Kiara','Kris','bergstrom.flo@example.net','(284)883-6775','2013-05-21 10:34:27','2011-03-19 13:35:16'),
('21','Tiana','Yost','emmerich.irving@example.org','714-877-1672','2015-03-31 23:01:24','2012-12-24 08:24:22'),
('22','Emanuel','Gusikowski','ugottlieb@example.org','385-982-5772x0643','2016-11-25 17:35:26','2019-03-30 17:16:12'),
('23','Gardner','Gibson','maxwell.huels@example.net','(071)353-7442','2019-05-20 23:45:52','2011-07-10 16:41:58'),
('24','Estefania','Jacobs','clowe@example.org','1-116-226-8051x9357','2019-03-17 02:41:23','2012-08-24 03:21:51'),
('25','Narciso','Jerde','sydnee.corwin@example.org','(838)712-6539','2017-06-25 09:15:24','2017-06-15 20:10:33'),
('26','Reece','Kub','xdouglas@example.org','(757)865-5203x5339','2014-03-03 07:58:48','2016-06-18 18:15:46'),
('27','Chadd','Bruen','alessia73@example.com','(114)126-2943x039','2011-01-03 11:19:22','2011-01-15 07:11:13'),
('28','Vicente','Greenfelder','verna90@example.net','533.208.2291','2017-11-16 17:55:28','2017-12-09 08:31:57'),
('29','Oran','Bechtelar','august75@example.net','653-212-9941','2020-12-08 07:01:02','2014-08-11 01:38:34'),
('30','Fanny','Williamson','cstanton@example.com','(466)218-9973x3971','2013-06-17 15:42:31','2020-09-01 14:11:56'),
('31','Roderick','Kassulke','ashleigh.mohr@example.com','1-207-498-5870x301','2011-11-06 12:36:22','2011-03-03 05:05:02'),
('32','Gina','Rutherford','libbie.graham@example.net','1-524-435-8485','2011-10-05 07:56:19','2015-04-24 22:19:39'),
('33','Khalil','Torp','eulalia.rowe@example.org','440-918-3245','2012-01-17 16:40:58','2017-07-05 06:14:13'),
('34','Abel','Johns','gregorio.balistreri@example.com','1-892-534-2573x69167','2015-07-21 04:40:37','2013-02-07 17:26:37'),
('35','Kevon','Konopelski','lonzo57@example.net','(605)021-2744x18132','2017-12-22 19:13:43','2013-11-26 23:15:11'),
('36','Everardo','Hudson','lilian.schneider@example.com','045-019-5911x145','2011-12-03 07:05:00','2014-06-14 14:12:32'),
('37','Margarette','Turner','tatyana75@example.com','695-667-8938x9921','2014-01-06 13:37:04','2014-01-07 08:15:54'),
('38','Gladys','Hane','mcglynn.candida@example.net','833.918.4197x1241','2016-01-12 23:32:51','2019-01-06 01:17:38'),
('39','Russel','Grant','dan.gleichner@example.com','01864313136','2015-10-30 03:06:12','2015-04-17 07:03:08'),
('40','Daniella','Stehr','d\'angelo.gibson@example.com','150.584.3601x807','2015-12-10 10:54:24','2015-10-19 12:10:54'),
('41','Keon','Wyman','halie85@example.net','387.955.9399x061','2019-03-01 03:07:56','2012-12-17 08:52:31'),
('42','Joseph','Russel','mgutmann@example.org','467.904.8123x695','2014-11-09 15:48:45','2012-11-23 05:15:10'),
('43','Orville','Feest','bogan.allene@example.com','(525)032-0970x48136','2017-10-30 07:22:30','2016-07-29 08:08:16'),
('44','Xavier','Rohan','pollich.rico@example.com','(953)300-6914x60806','2020-04-11 09:13:25','2019-08-09 04:48:46'),
('45','Raegan','Aufderhar','lambert.lockman@example.com','1-848-265-1923','2013-08-12 01:16:40','2017-08-08 23:07:27'),
('46','Jamaal','Anderson','wiza.domenick@example.org','554.680.1364x668','2011-12-19 22:37:15','2014-04-28 20:20:15'),
('47','Lila','Green','tterry@example.com','(641)536-7726','2012-07-17 06:50:30','2017-09-20 14:37:04'),
('48','Bettye','Schuppe','annie.sanford@example.com','(284)420-3880x40881','2016-10-28 20:39:53','2019-11-14 04:31:37'),
('49','Una','Barrows','huels.aglae@example.org','(420)360-4383','2016-01-25 12:04:34','2020-01-10 09:32:06'),
('50','Boyd','Morar','satterfield.kaylie@example.com','498.078.3654','2019-07-16 17:53:32','2012-04-29 05:56:19'),
('51','Vella','Kuhic','martina.ratke@example.net','+72(4)5679770831','2019-01-13 19:23:31','2011-06-29 20:00:39'),
('52','Tressa','Collier','wbreitenberg@example.org','392-277-9491x9205','2016-12-16 20:47:20','2018-05-15 10:08:50'),
('53','Clay','Gerhold','sauer.colby@example.com','070.907.0776','2014-10-03 01:36:36','2019-03-12 04:14:15'),
('54','Davion','Schulist','mollie.greenholt@example.net','00226801938','2014-02-02 09:20:50','2014-09-28 21:30:59'),
('55','Naomie','Pfannerstill','faufderhar@example.net','1-591-973-0103x6639','2011-08-27 15:12:51','2016-02-18 13:29:51'),
('56','Clair','Homenick','jayce50@example.com','712.199.9337x628','2018-05-23 16:50:37','2014-12-05 13:33:04'),
('57','Keara','Krajcik','creola63@example.org','583-016-7142x463','2017-10-21 10:42:19','2017-06-20 08:31:52'),
('58','Jasper','Jones','lavada.okuneva@example.net','737.197.3585x366','2018-02-03 14:55:58','2020-05-22 23:59:03'),
('59','Penelope','Wyman','syble03@example.net','1-873-215-0904x7841','2018-01-06 05:56:42','2020-04-17 00:05:38'),
('60','Trever','McGlynn','gottlieb.kiana@example.com','1-421-679-6275','2020-06-18 21:43:59','2015-01-16 14:59:27'),
('61','Lindsay','McDermott','ashtyn.jacobs@example.org','(338)458-8371','2019-12-22 23:29:41','2015-09-06 08:29:03'),
('62','Hipolito','Hane','ngrant@example.net','694.610.6794','2020-12-17 20:16:57','2014-04-29 11:58:38'),
('63','Minnie','Torphy','wiegand.emerson@example.com','(117)095-2982','2019-04-09 07:24:19','2012-09-30 01:07:16'),
('64','Toby','Jaskolski','pjohns@example.org','+48(3)0825832540','2015-05-12 19:18:15','2011-12-11 00:09:35'),
('65','Efrain','Simonis','sdubuque@example.com','1-164-326-9993','2019-12-20 12:47:19','2017-02-26 23:25:47'),
('66','Genevieve','Murphy','christiansen.mariela@example.com','1-778-830-9926x4100','2015-10-24 05:16:36','2018-06-05 22:19:56'),
('67','Eino','Hoeger','vergie.sauer@example.org','628-760-4596x0907','2015-03-11 15:45:50','2014-09-06 09:07:05'),
('68','Kim','Lubowitz','cassin.russ@example.com','(186)476-3669x7944','2011-02-11 13:10:11','2012-08-13 17:55:40'),
('69','Newell','Howell','jarred68@example.net','(645)440-3912x11620','2017-06-25 15:30:42','2015-08-07 21:08:40'),
('70','Tamara','Dickinson','dicki.maverick@example.org','748-540-8302','2017-11-15 16:05:12','2017-05-10 14:07:06'),
('71','Dorcas','Muller','karolann.kirlin@example.org','(881)884-3450x91213','2019-07-23 21:05:33','2014-07-17 01:06:01'),
('72','Javonte','Kuhic','connie.larkin@example.net','1-148-202-4949','2011-10-06 05:30:10','2012-11-30 12:54:21'),
('73','Winnifred','Deckow','cremin.alexandro@example.org','1-863-920-0408x11126','2014-09-05 00:28:03','2011-11-30 16:34:42'),
('74','Bill','Simonis','dickens.karli@example.com','124.878.0848','2012-10-13 07:06:09','2013-05-12 13:49:50'),
('75','Ottis','Mertz','patrick.koss@example.org','667-103-6288x05377','2019-02-16 10:24:59','2011-01-05 16:14:02'),
('76','Rosario','Oberbrunner','vivien.walter@example.com','+46(0)5740650029','2020-06-01 06:08:24','2012-02-01 08:23:54'),
('77','Chaim','Jacobson','beier.kenna@example.net','(960)715-0471x54895','2012-07-17 17:46:07','2014-09-01 03:12:07'),
('78','Ervin','O\'Conner','kassulke.eliza@example.net','+01(7)3699144383','2017-09-25 22:39:18','2019-09-17 01:42:19'),
('79','Trudie','Reilly','psmitham@example.com','797.139.3155x54733','2016-01-05 16:00:20','2019-11-22 15:48:16'),
('80','Aida','Watsica','jaylan53@example.org','488.839.2278','2016-08-18 22:09:00','2016-02-12 09:14:38'),
('81','Marvin','Feeney','elvis77@example.org','09457310094','2011-10-06 18:10:54','2018-12-11 18:11:19'),
('82','Daisy','Bogisich','hudson.emmett@example.org','311-674-5893x9376','2019-11-17 23:25:49','2011-04-07 20:14:32'),
('83','Jaylon','Yundt','wbayer@example.org','+93(2)1753083940','2011-12-03 08:37:01','2015-07-01 01:47:03'),
('84','Harry','Murazik','dorian87@example.net','1-369-215-0105x6091','2019-03-12 05:53:14','2016-01-25 04:01:12'),
('85','Karlee','Ebert','wiegand.emma@example.org','934.814.2067','2012-07-22 16:57:38','2020-07-25 22:29:15'),
('86','Verlie','Fahey','eleazar51@example.org','392.948.3949','2016-03-05 11:42:42','2014-12-14 12:17:17'),
('87','Catharine','Bode','doyle.angel@example.net','1-255-940-9614','2015-12-05 11:57:59','2016-10-12 13:12:35'),
('88','Eula','Abernathy','hanna.bergnaum@example.net','+84(8)1899181187','2017-11-02 13:51:45','2013-02-17 20:58:04'),
('89','Shanie','Abshire','josefina.jerde@example.org','(151)859-6849x7759','2016-08-12 15:28:38','2014-08-02 02:05:43'),
('90','Velda','Reichel','esmeralda.roob@example.org','966-650-1822x60732','2015-10-28 04:58:16','2019-02-06 07:55:35'),
('91','Ewald','Gleason','hansen.cristobal@example.org','(076)633-6873','2017-09-17 01:04:26','2017-06-28 06:46:56'),
('92','Gregory','Kris','lorenz71@example.org','1-902-549-2675x7057','2017-01-29 14:58:53','2017-11-02 07:57:12'),
('93','Lisa','Moen','nbernhard@example.org','(185)051-8857x53179','2018-02-11 06:28:27','2011-05-13 16:16:31'),
('94','Price','Quitzon','dbecker@example.org','319-307-1712','2018-09-29 23:10:55','2015-06-28 01:26:06'),
('95','Isobel','Wehner','ulises.padberg@example.org','(368)468-7327x33912','2016-03-16 11:14:18','2013-01-22 17:33:23'),
('96','Briana','Hagenes','tierra.romaguera@example.net','1-330-083-1416','2019-06-16 19:55:45','2017-04-29 20:01:28'),
('97','Levi','Kihn','simone.johns@example.org','383-625-0681','2014-10-15 18:14:46','2011-11-30 10:12:34'),
('98','Izabella','Homenick','lou.emmerich@example.net','340-361-9378x079','2018-11-21 15:44:28','2011-11-01 23:24:36'),
('99','Clement','O\'Reilly','meta16@example.com','999-606-0306x132','2018-06-29 14:12:53','2012-03-26 12:02:49'),
('100','Tyson','Carter','nrussel@example.org','1-603-799-4984','2012-01-27 07:46:53','2020-11-21 08:46:16'); 


DROP TABLE IF EXISTS `profiles`;
CREATE TABLE `profiles` (
  `user_id` int(10) unsigned NOT NULL COMMENT 'Ссылка на пользователя',
  `gender` char(1) COLLATE utf8_unicode_ci NOT NULL COMMENT 'Пол',
  `birthday` date DEFAULT NULL COMMENT 'Дата рождения',
  `city` varchar(130) COLLATE utf8_unicode_ci DEFAULT NULL COMMENT 'Город проживания',
  `country` varchar(130) COLLATE utf8_unicode_ci DEFAULT NULL COMMENT 'Страна проживания',
  `created_at` datetime DEFAULT current_timestamp() COMMENT 'Время создания строки',
  `updated_at` datetime DEFAULT current_timestamp() ON UPDATE current_timestamp() COMMENT 'Время обновления строки',
  PRIMARY KEY (`user_id`)
) ENGINE=InnoDB DEFAULT CHARSET=utf8 COLLATE=utf8_unicode_ci COMMENT='Профили';

INSERT INTO `profiles` VALUES ('1','','2012-02-19','North Ima','Bangladesh','2017-03-18 22:44:41','2015-09-16 18:39:40'),
('2','','1981-10-10','West Donald','Swaziland','2020-07-11 02:58:02','2014-10-01 06:01:17'),
('3','','2001-10-30','Russelbury','Niue','2012-03-02 19:05:27','2018-07-12 22:22:20'),
('4','','2006-03-29','Andreanneside','Palestinian Territory','2012-06-25 14:15:50','2015-06-15 00:44:08'),
('5','','1982-08-01','Fritschberg','Jersey','2015-02-15 23:53:09','2020-04-08 11:29:11'),
('6','','2017-08-23','Amosville','Nauru','2019-05-31 03:48:40','2020-04-14 20:04:57'),
('7','\'','2014-09-09','Lake Birdie','Pakistan','2014-12-14 23:02:54','2013-01-27 01:17:08'),
('8','','1978-02-20','South Monteshire','Bouvet Island (Bouvetoya)','2015-09-15 08:02:10','2020-02-15 18:39:18'),
('9','','1986-10-26','South Abagailchester','Christmas Island','2017-08-06 21:15:33','2012-05-10 02:40:35'),
('10','\'','1972-08-28','Lake Nashchester','Nicaragua','2016-07-28 13:39:49','2019-07-31 16:00:25'),
('11','','1997-05-07','East Faustoburgh','Germany','2014-01-13 09:11:37','2019-07-09 03:12:39'),
('12','\'','2015-12-28','Caitlynmouth','Aruba','2014-11-10 03:18:11','2013-03-02 23:55:06'),
('13','','2008-12-06','Collierfurt','Cuba','2012-10-15 11:50:06','2020-09-01 20:40:42'),
('14','\'','1973-09-19','North Lonieport','Albania','2015-09-19 17:24:09','2015-10-23 18:49:23'),
('15','\'','1998-03-04','South Fermin','Senegal','2018-04-01 02:57:33','2018-01-04 20:03:24'),
('16','\'','2013-05-28','Lake Gerdafurt','Netherlands','2011-07-09 19:18:27','2014-02-16 03:34:51'),
('17','\'','1980-09-02','North Wilhelmine','Sri Lanka','2016-07-02 18:52:01','2014-05-06 12:25:29'),
('18','','1974-03-15','East Dell','China','2019-11-18 07:31:41','2012-06-06 20:49:11'),
('19','','1994-12-15','Joellemouth','Andorra','2015-11-02 22:28:46','2019-10-03 23:05:56'),
('20','','2008-07-06','Raeberg','Niue','2016-12-26 09:45:09','2015-10-07 22:56:54'),
('21','\'','1996-11-09','East Nameshire','San Marino','2016-05-09 01:51:49','2013-08-24 03:30:55'),
('22','\'','2018-10-19','Destinimouth','Panama','2011-05-29 15:11:21','2019-03-26 14:52:27'),
('23','','2019-09-13','North Jenniferborough','Czech Republic','2011-11-03 09:24:47','2011-10-21 18:37:41'),
('24','','1978-11-22','West Adelashire','Nauru','2018-05-10 03:48:41','2017-07-09 03:54:52'),
('25','','2018-11-06','South Josiah','Afghanistan','2016-12-30 18:47:04','2017-07-01 23:42:20'),
('26','','1970-01-14','New Hildaborough','Mauritania','2016-06-25 06:40:46','2011-07-04 05:13:52'),
('27','','2016-11-19','Manteville','Tokelau','2015-01-04 07:02:19','2018-06-19 01:08:08'),
('28','\'','1997-01-31','Dooleyville','Lithuania','2014-06-01 13:37:52','2020-07-16 03:07:24'),
('29','','2019-05-16','North Alexyschester','United States Minor Outlying Islands','2020-01-25 16:17:31','2012-03-16 11:50:21'),
('30','\'','2008-03-27','Cleoraberg','Gabon','2016-05-19 14:55:51','2020-05-02 11:31:55'),
('31','','2008-03-25','South Constance','Andorra','2011-02-07 09:11:30','2020-06-08 09:45:41'),
('32','','1995-01-04','Port Candace','Gibraltar','2016-12-01 12:59:57','2018-06-01 23:41:37'),
('33','\'','2012-03-16','Gaylordville','British Virgin Islands','2014-02-08 19:17:21','2019-03-07 21:32:09'),
('34','\'','2012-01-10','Wizaside','South Georgia and the South Sandwich Islands','2014-12-14 04:27:18','2018-02-24 01:49:13'),
('35','','1988-07-28','Cleveborough','Cambodia','2018-07-26 18:23:18','2018-09-23 05:59:36'),
('36','\'','2001-06-21','West Herthafort','Mexico','2014-12-06 15:24:39','2012-04-12 01:55:20'),
('37','','2009-01-03','Nitzscheland','Croatia','2011-07-07 10:38:00','2014-11-24 23:22:32'),
('38','\'','1996-12-18','Jakubowskifort','Bhutan','2012-08-28 09:16:59','2016-11-17 12:13:29'),
('39','','2007-10-25','Gorczanytown','Nicaragua','2020-07-15 02:56:57','2015-02-01 17:34:22'),
('40','\'','2012-08-25','North Henryshire','Belize','2018-11-07 05:06:51','2016-08-19 09:58:21'),
('41','','1974-11-17','New Carolanne','Malta','2020-01-25 07:08:13','2016-11-06 00:39:18'),
('42','\'','1975-03-28','Eichmannstad','Sri Lanka','2013-11-25 22:35:10','2016-03-06 10:32:11'),
('43','\'','2004-08-29','New Princemouth','Guernsey','2014-01-10 08:04:47','2016-03-04 07:21:51'),
('44','','1979-12-16','Lake Elissafort','Mexico','2017-08-26 22:24:20','2015-06-06 03:24:45'),
('45','','2007-07-25','Treutelborough','Somalia','2011-10-19 10:49:14','2017-04-13 15:30:15'),
('46','\'','1984-03-21','Elveratown','Costa Rica','2011-10-26 08:08:27','2018-07-07 05:46:40'),
('47','\'','2012-04-14','West Zackaryview','Tanzania','2013-02-20 19:34:12','2016-07-23 23:21:46'),
('48','\'','1998-01-31','Murraymouth','United States of America','2020-03-18 04:11:14','2011-04-02 07:26:02'),
('49','\'','1986-01-19','Anjalimouth','South Georgia and the South Sandwich Islands','2015-04-06 19:43:26','2013-05-23 10:57:26'),
('50','\'','2020-02-03','Jamilbury','Myanmar','2020-05-13 05:02:43','2014-10-13 15:15:17'),
('51','\'','2011-10-19','Corabury','Antarctica (the territory South of 60 deg S)','2019-01-14 12:36:37','2013-05-29 14:14:07'),
('52','\'','2005-07-15','Alveratown','Haiti','2013-06-29 22:30:58','2016-05-18 16:57:47'),
('53','\'','1995-08-08','Thomasburgh','Bosnia and Herzegovina','2014-09-26 10:39:23','2015-01-17 15:38:16'),
('54','','1976-10-07','New Amberview','Kazakhstan','2013-11-28 10:37:36','2018-05-14 04:59:59'),
('55','\'','1972-01-12','New Eugenia','United States of America','2012-02-18 22:26:55','2012-10-10 04:05:39'),
('56','','2011-08-17','Coleburgh','Liechtenstein','2019-04-01 21:37:56','2018-10-30 10:28:33'),
('57','\'','2019-09-08','East Jerrod','British Virgin Islands','2019-08-24 02:20:17','2019-12-18 03:41:03'),
('58','','1974-03-03','North Lesly','Bolivia','2018-05-26 16:01:07','2020-07-30 22:36:00'),
('59','','1998-09-05','Strackeshire','Iceland','2017-04-13 10:40:14','2012-07-07 17:39:18'),
('60','','1995-01-14','New Matteo','Malaysia','2013-07-03 23:29:58','2019-07-09 15:00:16'),
('61','','2000-08-20','Mariannetown','Svalbard & Jan Mayen Islands','2013-11-27 23:55:26','2015-09-02 13:40:23'),
('62','','2018-02-27','Garrettfort','Qatar','2014-11-17 10:57:23','2015-02-27 03:11:38'),
('63','\'','1997-08-05','Raphaellefort','Cayman Islands','2011-03-28 01:29:00','2020-01-31 05:39:06'),
('64','\'','1976-08-13','Lake Presleyhaven','Argentina','2016-02-27 02:40:06','2019-02-25 09:54:51'),
('65','\'','1990-04-10','Dedricfurt','Armenia','2012-09-06 01:05:34','2018-12-18 15:52:23'),
('66','','1972-10-22','Casperburgh','Chad','2016-09-03 21:52:43','2014-03-18 18:46:00'),
('67','','1981-07-10','North Mohamed','Ireland','2020-03-27 20:01:18','2015-01-22 16:59:09'),
('68','\'','2019-03-24','Eugeniaview','Bolivia','2019-10-08 04:45:00','2018-06-05 19:49:09'),
('69','','2018-05-20','New Octavia','Antigua and Barbuda','2018-07-17 07:44:28','2014-09-19 17:29:56'),
('70','\'','1974-07-26','North Darrenburgh','Sudan','2018-05-04 14:34:28','2012-11-21 18:45:43'),
('71','\'','1971-06-09','East Dwight','Pitcairn Islands','2014-04-20 20:44:09','2020-11-17 02:48:39'),
('72','\'','1998-12-18','Hoppeshire','Kuwait','2020-02-06 10:51:48','2020-11-07 04:25:36'),
('73','\'','2012-06-19','East Paris','Norfolk Island','2014-01-26 17:20:17','2020-11-02 10:45:15'),
('74','','2007-11-15','Lake Gabrielborough','Guatemala','2018-03-12 10:25:00','2019-05-30 02:56:31'),
('75','\'','2000-04-24','Monastad','Austria','2016-09-05 16:12:56','2015-02-16 05:22:43'),
('76','\'','2007-03-29','Goldnerburgh','Cambodia','2020-11-30 00:44:19','2020-10-14 11:58:24'),
('77','\'','2016-06-25','Port Danykatown','Madagascar','2018-11-14 03:09:21','2016-10-05 15:56:34'),
('78','\'','2007-12-09','East Cornellland','Faroe Islands','2016-07-11 06:45:39','2011-04-12 20:01:12'),
('79','\'','2006-12-22','East Adolph','Colombia','2014-07-12 19:17:50','2012-12-26 22:35:09'),
('80','\'','1978-09-13','Lake Bonnie','Macedonia','2014-11-15 20:14:28','2015-07-17 14:58:08'),
('81','','2009-03-05','North Jorgemouth','Colombia','2020-04-20 06:07:03','2011-03-22 14:24:52'),
('82','','2008-08-01','Parisianport','Macao','2011-11-22 02:09:45','2019-03-09 01:39:30'),
('83','','2014-04-08','Connellystad','Dominican Republic','2014-04-05 00:56:38','2017-09-28 06:31:36'),
('84','','2017-09-19','Delbertstad','Guadeloupe','2014-10-07 23:23:19','2018-08-28 16:54:17'),
('85','\'','1988-08-17','Robbiestad','Barbados','2019-01-13 23:18:19','2018-10-25 22:12:05'),
('86','\'','2014-10-10','East Serenity','Chad','2014-01-08 18:34:55','2012-03-29 01:05:37'),
('87','\'','1984-10-28','Madalynburgh','Swaziland','2011-04-22 12:12:16','2012-06-16 00:28:30'),
('88','\'','1999-05-09','West Zoefurt','United States Minor Outlying Islands','2018-02-01 05:09:25','2016-02-09 19:30:53'),
('89','\'','1994-01-10','West Marjolaine','Cape Verde','2012-10-27 15:22:27','2017-05-15 18:17:33'),
('90','','1983-07-03','Port Vivienshire','Venezuela','2011-04-07 13:40:30','2013-01-28 15:10:59'),
('91','\'','2007-04-17','Wisozkside','Cameroon','2014-04-02 11:19:19','2012-06-29 21:33:27'),
('92','','1979-06-07','Torphybury','Estonia','2017-05-13 04:18:04','2014-09-07 11:41:15'),
('93','','2019-05-27','Lake Claramouth','Guernsey','2020-11-03 01:04:56','2018-04-02 13:21:21'),
('94','\'','1972-01-15','Tremblayburgh','Syrian Arab Republic','2015-07-27 06:16:46','2015-12-18 06:05:59'),
('95','\'','1984-06-07','Beertown','Ukraine','2010-12-29 14:08:39','2011-03-14 22:04:05'),
('96','','2010-02-15','Hillaryside','Gibraltar','2011-11-15 04:51:28','2017-08-14 14:23:24'),
('97','\'','1983-07-05','Madisenside','Dominican Republic','2012-06-02 09:23:49','2012-11-24 03:18:54'),
('98','\'','1977-04-10','Calliestad','Palestinian Territory','2012-05-22 22:24:44','2020-12-05 15:37:41'),
('99','\'','2009-03-03','Vivienfurt','Mauritius','2011-01-31 05:19:39','2015-07-28 08:26:36'),
('100','\'','1972-06-11','Ziemannberg','New Zealand','2018-06-04 03:11:51','2012-11-13 02:12:05'); 


DROP TABLE IF EXISTS `messages`;
CREATE TABLE `messages` (
  `id` int(10) unsigned NOT NULL AUTO_INCREMENT COMMENT 'Идентификатор строки',
  `from_user_id` int(10) unsigned NOT NULL COMMENT 'Ссылка на отправителя сообщения',
  `to_user_id` int(10) unsigned NOT NULL COMMENT 'Ссылка на получателя сообщения',
  `body` text COLLATE utf8_unicode_ci NOT NULL COMMENT 'Текст сообщения',
  `is_important` tinyint(1) DEFAULT NULL COMMENT 'Признак важности',
  `is_delivered` tinyint(1) DEFAULT NULL COMMENT 'Признак доставки',
  `created_at` datetime DEFAULT current_timestamp() COMMENT 'Время создания строки',
  PRIMARY KEY (`id`)
) ENGINE=InnoDB AUTO_INCREMENT=11 DEFAULT CHARSET=utf8 COLLATE=utf8_unicode_ci COMMENT='Сообщения';

INSERT INTO `messages` VALUES ('1','41104','972','Eum odio ipsa facere quos voluptatem necessitatibus. Autem eum est deserunt ullam. Sint qui quisquam quasi et. In dolor optio velit non ad nemo.','1','127','2011-05-03 08:18:01'),
('2','0','46153','Consectetur sed ex expedita praesentium quam dignissimos velit. Sit et ea mollitia. Officiis eligendi incidunt qui quia. Incidunt sit facere et.','0','127','2013-03-22 08:17:59'),
('3','5816683','39','Est nihil voluptas deserunt corrupti voluptatem necessitatibus necessitatibus. Qui unde placeat voluptatem dicta facilis deleniti voluptatem. Iusto suscipit rerum repellendus ratione sapiente placeat itaque. Aut laudantium nam excepturi sit quibusdam.','1','127','2016-12-12 07:32:51'),
('4','4','22662655','Voluptatem assumenda eius quod deleniti doloribus dolorem odio consequatur. Saepe quasi et ut fugiat. Voluptatem fugit porro consequuntur. Quod quod illum tempora omnis.','0','127','2013-06-05 20:14:25'),
('5','11787653','16','Ad nulla doloremque vero laborum. Voluptatem magni possimus sed doloremque quia. Sed ut quas alias et est. Labore sed asperiores esse et.','0','127','2015-06-30 06:51:36'),
('6','18677213','216110','Dolores non non sed quis illum esse fugiat. Voluptatem et alias fuga nulla. Sed quis eos voluptas ut sed.','0','127','2014-04-14 08:18:49'),
('7','31314740','4','Sunt ut sed laboriosam veritatis. Qui quia ducimus et aut.','1','127','2013-12-14 12:48:53'),
('8','0','76480','Ut ratione perspiciatis tenetur cum. Et enim dolores nam similique consequatur sit. Animi impedit id et eum qui molestiae autem nihil.','1','127','2013-09-13 02:40:41'),
('9','6837','92','Quas reprehenderit esse id voluptatem perferendis aliquid beatae. Eveniet soluta non vel consequatur voluptatem omnis voluptatem. Sed mollitia vel et eaque ea libero quia. Nisi blanditiis cumque quia accusamus dolores. Cumque voluptatem nihil magni dignissimos et repudiandae et cupiditate.','1','127','2019-09-20 07:21:17'),
('10','83107','44','Porro rerum sint quis deserunt et quos quia. Numquam quis sed incidunt impedit assumenda omnis. Ex velit vel dolor et perferendis et.','0','127','2018-04-12 23:26:22'); 


DROP TABLE IF EXISTS `media`;
CREATE TABLE `media` (
  `id` int(10) unsigned NOT NULL AUTO_INCREMENT COMMENT 'Идентификатор строки',
  `user_id` int(10) unsigned NOT NULL COMMENT 'Ссылка на пользователя, который загрузил файл',
  `filename` varchar(255) COLLATE utf8_unicode_ci NOT NULL COMMENT 'Путь к файлу',
  `size` int(11) NOT NULL COMMENT 'Размер файла',
  `metadata` longtext CHARACTER SET utf8mb4 COLLATE utf8mb4_bin DEFAULT NULL COMMENT 'Метаданные файла' CHECK (json_valid(`metadata`)),
  `media_type_id` int(10) unsigned NOT NULL COMMENT 'Ссылка на тип контента',
  `created_at` datetime DEFAULT current_timestamp() COMMENT 'Время создания строки',
  `updated_at` datetime DEFAULT current_timestamp() ON UPDATE current_timestamp() COMMENT 'Время обновления строки',
  PRIMARY KEY (`id`)
) ENGINE=InnoDB AUTO_INCREMENT=11 DEFAULT CHARSET=utf8 COLLATE=utf8_unicode_ci COMMENT='Медиафайлы';

INSERT INTO `media` VALUES ('1','670941','dolor','14695352',NULL,'7561','2017-01-06 18:54:04','2012-11-08 08:44:15'),
('2','97281728','necessitatibus','60370',NULL,'7435','2011-05-09 09:00:56','2017-12-22 18:01:52'),
('3','5264','sed','996530626',NULL,'7','2017-08-05 02:52:00','2013-08-27 04:09:47'),
('4','186740','non','90869',NULL,'1908100','2020-08-11 04:53:40','2019-12-30 04:43:54'),
('5','1116','voluptas','88159',NULL,'77659626','2013-09-26 12:05:09','2020-02-15 15:52:11'),
('6','4918','architecto','93',NULL,'816532','2016-01-17 16:45:08','2018-05-10 21:20:03'),
('7','81498304','provident','6420795',NULL,'86589','2014-02-05 09:18:58','2016-12-15 16:36:27'),
('8','913535','incidunt','754199',NULL,'8129','2017-01-18 12:53:38','2011-02-20 22:25:59'),
('9','0','rerum','345765464',NULL,'181','2014-06-09 22:30:59','2018-07-13 23:32:11'),
('10','8','dicta','6560257',NULL,'128649526','2011-03-17 15:06:25','2020-01-06 11:28:30'); 

DROP TABLE IF EXISTS `media_types`;
CREATE TABLE `media_types` (
  `id` int(10) unsigned NOT NULL AUTO_INCREMENT COMMENT 'Идентификатор строки',
  `name` varchar(255) COLLATE utf8_unicode_ci NOT NULL COMMENT 'Название типа',
  `created_at` datetime DEFAULT current_timestamp() COMMENT 'Время создания строки',
  `updated_at` datetime DEFAULT current_timestamp() ON UPDATE current_timestamp() COMMENT 'Время обновления строки',
  PRIMARY KEY (`id`),
  UNIQUE KEY `name` (`name`)
) ENGINE=InnoDB AUTO_INCREMENT=6 DEFAULT CHARSET=utf8 COLLATE=utf8_unicode_ci COMMENT='Типы медиафайлов';

INSERT INTO `media_types` VALUES ('1','ut','2017-01-27 05:35:57','2011-12-17 18:17:53'),
('2','quis','2020-01-29 23:32:38','2017-07-21 03:30:25'),
('3','rerum','2011-12-18 09:06:06','2017-09-29 07:01:48'),
('4','facere','2016-06-05 04:34:57','2013-08-03 11:02:14'),
('5','ea','2017-07-16 12:48:55','2012-04-17 10:07:43'); 

DROP TABLE IF EXISTS `friendship`;
CREATE TABLE `friendship` (
  `user_id` int(10) unsigned NOT NULL COMMENT 'Ссылка на инициатора дружеских отношений',
  `friend_id` int(10) unsigned NOT NULL COMMENT 'Ссылка на получателя приглашения дружить',
  `friendship_status_id` int(10) unsigned NOT NULL COMMENT 'Ссылка на статус (текущее состояние) отношений',
  `requested_at` datetime DEFAULT current_timestamp() COMMENT 'Время отправления приглашения дружить',
  `confirmed_at` datetime DEFAULT NULL COMMENT 'Время подтверждения приглашения',
  `created_at` datetime DEFAULT current_timestamp() COMMENT 'Время создания строки',
  `updated_at` datetime DEFAULT current_timestamp() ON UPDATE current_timestamp() COMMENT 'Время обновления строки',
  PRIMARY KEY (`user_id`,`friend_id`) COMMENT 'Составной первичный ключ'
) ENGINE=InnoDB DEFAULT CHARSET=utf8 COLLATE=utf8_unicode_ci COMMENT='Таблица дружбы';

INSERT INTO `friendship` VALUES ('2','40904','504075','2019-01-19 02:53:04','2011-12-31 01:58:03','2014-07-03 06:57:59','2020-04-06 16:54:14'),
('4','685445','7','2017-01-24 17:51:47','2016-12-20 21:11:45','2015-10-11 17:49:58','2017-08-16 09:16:31'),
('5','413176153','763836','2014-07-01 10:43:13','2012-05-26 12:41:49','2017-08-23 01:12:34','2011-09-06 02:59:21'),
('7','1526','27157028','2016-01-17 22:51:15','2016-08-20 13:20:40','2013-01-07 22:26:39','2012-03-20 17:43:21'),
('9','611','5','2011-11-07 18:40:24','2019-06-30 14:52:18','2011-12-17 03:45:56','2014-04-19 02:12:49'),
('10','13956','535178','2015-07-20 11:36:01','2011-12-24 15:25:12','2017-06-25 04:14:55','2011-05-28 21:50:40'),
('22','2684','53131','2019-03-29 04:02:24','2020-01-20 23:07:40','2019-05-22 00:05:33','2011-04-03 16:41:23'),
('23','4849','6109259','2020-02-03 18:57:41','2011-01-30 22:33:15','2014-06-22 08:15:04','2016-04-16 00:08:36'),
('44','5007','19','2013-07-13 16:07:30','2019-06-29 21:38:17','2014-06-15 05:03:00','2020-03-26 09:17:55'),
('45','8253','349','2012-04-07 03:02:04','2015-07-27 17:44:14','2013-07-12 14:47:46','2016-07-22 10:45:37'),
('46','723052245','2079294','2015-04-21 16:40:48','2014-10-28 22:56:51','2014-02-11 20:00:20','2019-10-31 01:04:56'),
('49','7977901','25583471','2016-04-15 05:15:25','2019-09-05 12:50:35','2019-09-11 23:24:41','2020-05-16 06:16:11'),
('66','17523','956126840','2012-05-21 04:30:22','2012-03-24 12:43:31','2012-03-16 07:35:35','2016-02-10 10:30:05'),
('78','742','92299','2012-03-22 03:36:36','2011-03-10 10:44:47','2018-03-12 11:18:00','2011-04-28 08:19:02'),
('82','50999','4','2019-05-02 06:33:09','2018-07-23 22:54:00','2020-10-06 16:14:43','2011-01-07 02:40:28'),
('91','7104','0','2020-04-25 20:35:46','2015-01-24 15:22:09','2019-09-26 17:03:19','2015-03-05 16:17:01'),
('127','950560','470548','2018-01-03 16:01:03','2012-05-27 02:33:13','2016-06-08 06:50:51','2011-06-23 03:34:27'),
('191','89','2586907','2013-12-22 01:44:51','2012-03-18 11:01:59','2020-11-06 11:47:00','2017-01-02 19:10:35'),
('318','18','122683','2012-08-05 16:48:20','2019-08-21 08:51:46','2011-06-03 17:17:22','2020-09-01 17:59:50'),
('397','8179','126410','2012-04-07 14:35:47','2011-01-22 04:14:17','2017-08-31 02:08:14','2019-01-29 10:36:16'),
('405','38007','0','2015-02-23 02:12:20','2014-09-20 00:09:00','2016-01-30 04:08:03','2017-04-15 04:34:09'),
('553','2587','0','2018-05-28 21:10:01','2016-03-31 21:01:11','2011-09-06 09:20:36','2018-08-12 04:37:29'),
('584','7269','9','2016-01-09 17:52:20','2012-12-30 14:22:39','2012-08-22 19:34:53','2018-07-23 15:59:45'),
('669','7124633','18601006','2012-06-26 15:44:42','2015-05-14 11:18:35','2011-07-01 08:41:14','2020-07-08 20:02:07'),
('670','2702','4131033','2018-05-24 20:38:41','2013-07-23 18:38:31','2012-03-30 20:16:13','2011-12-16 10:55:38'),
('672','109038','595','2017-06-20 00:19:41','2020-03-14 19:59:44','2017-08-22 12:46:32','2019-02-27 00:38:19'),
('679','1909150','4','2013-04-01 06:35:52','2018-09-11 16:43:50','2013-02-05 04:00:49','2016-11-23 07:13:23'),
('876','3920','92915974','2019-07-26 15:22:56','2012-06-09 13:48:00','2019-10-01 01:27:39','2015-10-04 19:48:34'),
('951','68751818','9207318','2019-12-20 03:47:01','2016-05-15 00:25:20','2017-11-07 09:55:25','2019-11-08 10:36:50'),
('1941','9125803','53549130','2013-04-14 20:42:10','2020-02-14 11:42:58','2014-06-23 12:53:55','2014-05-11 23:20:27'),
('2107','1810487','526','2014-04-26 20:29:27','2016-04-25 06:21:20','2012-08-30 03:14:34','2011-07-29 17:12:32'),
('2150','1','8851089','2013-12-17 14:09:25','2011-07-12 11:39:45','2011-09-25 11:43:55','2011-10-15 16:12:25'),
('2447','0','0','2017-11-25 09:17:33','2014-10-11 13:42:23','2011-07-30 14:25:53','2013-01-27 01:46:53'),
('3268','66553','969796','2017-06-21 18:51:57','2015-09-23 01:24:45','2011-09-18 18:44:49','2013-09-06 23:50:01'),
('3335','3914','3','2015-10-14 12:19:09','2014-10-30 13:12:40','2012-06-24 08:11:32','2011-02-10 02:17:40'),
('4257','48039320','1','2018-03-25 12:10:46','2020-03-09 09:14:21','2011-05-20 16:04:00','2014-06-01 10:21:36'),
('4969','463991','2743509','2011-10-24 11:58:49','2013-05-31 07:34:24','2020-05-21 05:09:56','2013-08-31 12:59:16'),
('6462','888685','67','2014-01-15 18:24:00','2019-01-07 15:01:28','2013-07-16 11:51:12','2013-09-28 17:29:18'),
('7115','608209230','43','2014-08-28 13:10:41','2019-09-14 19:27:27','2015-03-03 15:39:01','2012-06-12 10:18:16'),
('7794','367601','548263678','2020-03-26 01:21:24','2016-12-26 06:21:16','2012-04-08 00:27:05','2012-08-19 05:46:18'),
('8307','9043576','12','2014-05-07 02:03:03','2014-08-25 22:05:30','2013-03-08 00:41:10','2016-05-11 11:20:55'),
('11411','49859','0','2014-02-05 06:19:09','2014-04-21 18:53:52','2013-05-19 23:04:50','2012-03-11 10:50:03'),
('17050','74167','41872603','2012-09-12 11:31:20','2015-06-15 07:34:54','2019-05-13 12:59:16','2016-10-26 04:42:50'),
('19703','910305','0','2011-05-25 19:36:17','2014-05-04 10:25:12','2015-11-02 19:21:22','2011-06-26 07:46:15'),
('37770','8584170','123','2017-12-10 20:57:34','2020-04-25 00:19:52','2012-04-29 13:27:43','2017-05-23 21:27:59'),
('43014','923268326','56','2017-12-13 17:15:57','2020-02-25 04:56:49','2017-06-08 00:24:44','2011-08-03 03:02:15'),
('44917','6','6211365','2016-09-26 09:06:30','2012-05-06 11:28:16','2019-03-09 02:00:01','2012-09-29 12:53:03'),
('48786','80633899','0','2011-04-13 09:24:06','2013-08-12 23:11:30','2013-03-01 14:42:57','2014-07-23 01:40:24'),
('51536','979177855','6549512','2017-08-09 10:13:02','2014-06-12 19:52:50','2020-01-20 12:21:17','2012-08-16 05:09:06'),
('59195','913160','874','2017-07-21 09:04:19','2015-11-25 06:20:33','2016-01-25 18:25:58','2017-02-01 14:55:13'),
('66447','6240','61659','2013-11-18 12:26:02','2019-07-13 20:36:59','2017-04-16 19:11:43','2011-11-06 13:02:06'),
('66585','254881','93005121','2019-07-29 16:19:17','2015-04-20 07:40:46','2019-06-13 12:25:43','2018-07-17 03:53:12'),
('70067','39374','7','2015-04-12 12:35:19','2012-08-21 02:28:03','2019-11-01 22:37:30','2020-01-15 12:48:32'),
('73784','53628725','4405349','2014-05-01 11:09:58','2014-08-08 03:01:13','2014-03-25 12:59:37','2013-07-06 14:50:41'),
('79259','92','0','2012-07-13 00:13:10','2015-04-01 09:19:09','2013-03-10 06:58:05','2012-10-03 11:54:31'),
('90928','285146','53581','2020-03-22 23:18:06','2016-03-21 23:08:36','2011-08-13 02:58:59','2014-09-05 09:13:09'),
('142860','8794','64','2019-03-26 05:50:48','2020-10-10 21:50:20','2017-07-07 01:13:58','2019-10-31 09:10:03'),
('177623','978666441','494604','2013-11-10 03:08:19','2015-08-30 12:46:19','2014-05-10 10:39:18','2016-04-24 22:31:46'),
('281249','708','45','2016-11-17 09:13:08','2014-07-07 04:54:02','2019-01-16 09:41:35','2014-06-28 18:19:00'),
('350694','8526','0','2011-03-02 22:11:32','2018-12-29 00:51:54','2013-01-27 04:58:24','2011-10-14 00:27:28'),
('522886','517995676','175','2017-04-21 04:53:53','2012-06-02 09:36:39','2018-07-11 02:49:50','2016-06-19 11:23:37'),
('716544','860657153','0','2020-10-08 23:06:38','2014-12-14 14:26:31','2020-02-04 06:24:55','2020-04-28 22:33:25'),
('747872','24501','7654237','2015-08-22 09:13:34','2014-11-10 16:39:35','2020-01-18 01:49:18','2011-12-08 13:49:13'),
('774044','29','0','2016-07-24 10:04:01','2012-07-10 17:30:23','2013-07-14 06:09:41','2014-01-09 23:09:00'),
('787409','626080','2','2014-11-20 04:40:59','2015-02-27 18:17:01','2019-04-23 09:49:19','2015-05-05 07:22:08'),
('1698335','7833085','2','2020-01-20 13:41:15','2012-06-26 18:48:23','2012-12-01 23:34:58','2016-08-04 00:39:46'),
('2149621','404143','35374','2017-02-11 14:44:35','2011-05-06 10:49:24','2019-12-13 13:35:28','2016-11-10 21:57:48'),
('2343118','47111229','81019327','2016-12-03 03:48:29','2014-05-03 08:50:59','2020-05-06 19:21:55','2013-03-20 11:21:40'),
('2479672','31232782','19179','2018-05-12 22:35:10','2016-02-26 19:32:13','2016-03-29 23:41:09','2018-04-05 15:42:42'),
('2719193','539344750','0','2020-07-18 09:00:33','2011-12-11 07:07:01','2018-11-01 14:55:39','2015-05-13 21:42:54'),
('2736883','26006712','1','2013-04-25 06:11:35','2015-09-22 16:00:49','2011-09-09 19:18:27','2018-12-22 20:18:05'),
('5314142','60227385','86','2012-02-01 18:42:25','2013-04-07 08:21:33','2013-11-13 12:36:55','2016-10-27 16:09:13'),
('5372789','505013','57','2020-11-12 02:30:30','2015-01-16 14:26:26','2019-08-25 22:55:33','2019-06-29 18:40:37'),
('8433513','250932','4857823','2016-03-10 20:14:31','2015-12-26 05:57:36','2013-05-19 20:46:27','2011-01-21 22:03:07'),
('9088711','5949','5585','2012-05-23 15:17:19','2015-08-23 16:34:19','2013-10-01 07:20:13','2018-09-03 20:19:13'),
('11435292','7902','3570','2012-09-02 02:20:32','2018-07-11 19:20:14','2017-08-13 14:52:27','2017-12-19 09:06:00'),
('21393021','322873858','0','2014-07-30 06:25:40','2013-08-13 16:41:28','2013-05-12 18:12:19','2011-10-25 06:34:48'),
('24112936','6414972','78127673','2011-12-06 18:04:31','2018-04-13 16:31:17','2012-02-11 04:38:43','2011-11-21 06:48:07'),
('27076384','2205','42773','2020-12-06 00:31:57','2018-04-23 11:33:50','2011-10-18 09:09:10','2020-08-04 02:42:04'),
('28894018','67','0','2017-03-14 05:37:12','2017-07-07 05:58:54','2016-01-12 09:50:04','2020-10-22 22:27:37'),
('33847383','895247668','946691846','2014-03-25 19:50:18','2017-07-12 12:45:31','2020-08-29 09:10:51','2011-05-12 16:23:35'),
('48355327','1085','74536349','2012-09-22 12:53:12','2017-07-16 15:12:53','2014-12-26 06:25:56','2011-06-25 00:03:31'),
('52761494','1577','76509210','2017-02-01 18:06:46','2019-10-12 16:55:29','2011-10-10 01:41:30','2016-04-02 10:49:00'),
('57470278','8','406982','2011-10-10 08:06:04','2012-12-31 17:32:41','2014-01-12 09:55:51','2013-07-24 15:46:53'),
('59708014','3','765519','2013-10-22 07:26:04','2020-09-17 19:39:01','2019-05-11 19:03:00','2012-08-14 21:09:53'),
('73717210','404419769','68','2016-03-02 02:52:21','2015-07-10 07:44:50','2014-05-18 07:19:12','2013-04-20 09:45:22'),
('79996785','5131','5','2012-10-24 21:06:26','2015-04-25 09:08:51','2012-04-21 06:37:00','2020-05-30 08:19:51'),
('82833937','75','3906889','2011-02-13 16:36:36','2019-08-28 00:13:02','2014-10-15 14:20:40','2016-08-11 22:00:55'),
('94420024','92775359','426','2011-11-09 07:49:09','2013-08-01 06:57:04','2016-12-21 00:56:33','2018-08-10 23:07:53'),
('195545978','9936278','0','2018-09-28 03:39:12','2012-06-08 22:33:58','2019-06-04 21:07:23','2019-12-05 06:02:04'),
('379159558','1034','3','2011-01-28 03:35:36','2016-12-28 22:19:12','2017-10-01 20:22:16','2020-12-16 00:46:06'),
('455925077','19755','425553867','2020-11-19 06:48:47','2019-06-21 17:10:06','2018-04-24 20:43:41','2018-09-03 19:37:18'),
('492152671','383250','28999','2020-10-19 22:50:04','2017-11-10 02:56:43','2014-02-20 14:17:08','2016-02-07 17:13:44'),
('506875355','928505762','91','2020-03-30 20:28:27','2020-03-22 00:32:28','2018-10-31 20:01:06','2015-10-09 08:55:28'),
('513324935','65074','4519041','2017-08-29 17:20:51','2015-06-27 11:59:30','2014-08-08 08:31:59','2019-02-02 00:49:38'),
('549443368','98518913','347','2016-12-22 08:00:09','2013-11-03 02:57:58','2019-01-17 20:33:51','2011-07-19 12:34:14'),
('591394243','98','9027367','2019-07-13 11:26:41','2018-12-28 11:56:18','2017-12-30 19:55:57','2012-07-28 12:09:48'),
('655232402','9565531','173','2012-05-11 12:07:26','2016-02-21 11:08:23','2015-06-01 15:06:54','2012-09-26 10:27:26'),
('845301841','281','359275','2017-02-21 06:39:39','2013-12-17 01:58:03','2015-04-09 19:29:39','2018-07-13 06:42:42'),
('998192894','7017089','317966','2020-01-09 06:33:20','2012-12-17 15:38:30','2015-08-15 00:03:45','2013-12-26 03:17:04'); 

DROP TABLE IF EXISTS `friendship_statuses`;
CREATE TABLE `friendship_statuses` (
  `id` int(10) unsigned NOT NULL AUTO_INCREMENT COMMENT 'Идентификатор строки',
  `name` varchar(150) COLLATE utf8_unicode_ci NOT NULL COMMENT 'Название статуса',
  `created_at` datetime DEFAULT current_timestamp() COMMENT 'Время создания строки',
  `updated_at` datetime DEFAULT current_timestamp() ON UPDATE current_timestamp() COMMENT 'Время обновления строки',
  PRIMARY KEY (`id`),
  UNIQUE KEY `name` (`name`)
) ENGINE=InnoDB AUTO_INCREMENT=6 DEFAULT CHARSET=utf8 COLLATE=utf8_unicode_ci COMMENT='Статусы дружбы';

INSERT INTO `friendship_statuses` VALUES ('1','sit','2014-05-06 11:59:10','2015-03-10 22:44:14'),
('2','suscipit','2014-11-04 01:21:35','2018-04-22 03:39:30'),
('3','deserunt','2012-09-24 21:36:41','2013-10-19 12:39:38'),
('4','nemo','2011-03-26 17:53:52','2012-11-02 10:46:28'),
('5','officiis','2015-08-02 18:16:26','2015-01-03 07:11:35'); 

DROP TABLE IF EXISTS `communities`;
CREATE TABLE `communities` (
  `id` int(10) unsigned NOT NULL AUTO_INCREMENT COMMENT 'Идентификатор сроки',
  `name` varchar(150) COLLATE utf8_unicode_ci NOT NULL COMMENT 'Название группы',
  `created_at` datetime DEFAULT current_timestamp() COMMENT 'Время создания строки',
  `updated_at` datetime DEFAULT current_timestamp() ON UPDATE current_timestamp() COMMENT 'Время обновления строки',
  PRIMARY KEY (`id`),
  UNIQUE KEY `name` (`name`)
) ENGINE=InnoDB AUTO_INCREMENT=11 DEFAULT CHARSET=utf8 COLLATE=utf8_unicode_ci COMMENT='Группы';

INSERT INTO `communities` VALUES ('1','itaque','2016-12-23 19:15:53','2012-01-05 19:37:42'),
('2','illum','2017-12-22 14:11:21','2011-09-08 16:11:04'),
('3','aut','2015-11-15 03:51:29','2014-07-08 23:03:36'),
('4','et','2011-02-11 00:57:29','2013-10-05 09:52:04'),
('5','explicabo','2011-11-14 17:00:08','2019-03-28 04:32:20'),
('6','eum','2019-05-25 05:52:02','2019-04-29 17:04:33'),
('7','unde','2018-12-12 11:03:08','2015-01-14 22:54:50'),
('8','aliquid','2011-02-27 11:25:24','2014-08-23 14:03:26'),
('9','placeat','2011-12-20 04:22:15','2019-10-13 11:58:46'),
('10','repellendus','2015-09-28 05:48:09','2013-04-23 17:27:23'); 


DROP TABLE IF EXISTS `communities_users`;
CREATE TABLE `communities_users` (
  `community_id` int(10) unsigned NOT NULL COMMENT 'Ссылка на группу',
  `user_id` int(10) unsigned NOT NULL COMMENT 'Ссылка на пользователя',
  `created_at` datetime DEFAULT current_timestamp() COMMENT 'Время создания строки',
  PRIMARY KEY (`community_id`,`user_id`) COMMENT 'Составной первичный ключ'
) ENGINE=InnoDB DEFAULT CHARSET=utf8 COLLATE=utf8_unicode_ci COMMENT='Участники групп, связь между пользователями и группами';

INSERT INTO `communities_users` VALUES ('1','65327094','2012-06-20 18:22:51'),
('4','2004197','2014-04-15 18:50:49'),
('5','0','2015-10-16 05:40:11'),
('6','88','2017-01-03 11:02:09'),
('7','243','2015-06-21 09:14:06'),
('8','60','2016-08-09 20:16:21'),
('9','65025910','2012-05-31 14:45:21'),
('10','593574342','2013-01-05 12:52:54'),
('15','2','2012-04-19 09:53:44'),
('21','866','2020-03-26 09:48:00'),
('35','74229','2012-06-08 00:32:25'),
('36','517','2018-04-11 22:12:47'),
('39','96524','2018-11-25 22:02:25'),
('47','62321','2012-02-14 03:41:52'),
('48','7500592','2013-02-12 01:03:56'),
('51','7410920','2011-02-14 15:22:16'),
('58','800077','2019-03-26 19:19:14'),
('64','1128573','2012-09-05 10:15:13'),
('69','209402337','2017-09-28 06:36:25'),
('79','7138','2012-11-27 23:20:05'),
('91','2459','2015-07-28 18:34:36'),
('98','77022507','2020-06-28 07:41:55'),
('106','2401','2018-01-15 18:36:40'),
('200','19186','2014-07-19 02:39:49'),
('328','155181','2016-12-04 07:38:27'),
('471','761809296','2014-11-29 10:17:19'),
('498','3','2014-09-02 16:12:01'),
('546','7868576','2020-02-17 17:24:17'),
('577','8009892','2011-07-19 06:46:29'),
('602','5305686','2014-02-15 10:26:44'),
('744','665008','2015-01-09 20:24:56'),
('931','499523','2020-01-22 01:22:58'),
('956','805363039','2017-11-12 08:44:30'),
('991','20692296','2019-05-13 12:47:24'),
('1354','455524','2018-10-20 04:39:10'),
('2058','5476','2016-05-31 18:16:11'),
('4663','830','2019-09-28 13:18:27'),
('4842','166867','2018-05-10 17:16:32'),
('7885','27','2015-05-26 17:02:05'),
('8306','860671911','2012-11-29 17:50:09'),
('9044','56','2014-07-13 00:39:15'),
('18811','4801','2019-09-29 17:16:07'),
('19451','6714','2012-08-06 04:38:13'),
('24092','1267074','2018-11-10 05:00:27'),
('27838','118689641','2011-07-30 08:31:27'),
('29708','350','2018-01-29 17:42:48'),
('30436','8420848','2013-02-26 18:18:10'),
('32576','914020187','2019-03-24 15:17:31'),
('46731','3073','2017-12-08 02:05:15'),
('58899','985','2013-10-06 21:26:53'),
('67185','408','2011-12-25 09:54:40'),
('67485','82897','2016-08-07 00:54:08'),
('76984','8693646','2020-04-24 17:35:39'),
('88627','37280239','2015-03-05 09:11:25'),
('91329','996757587','2011-10-14 12:03:37'),
('92111','7618','2017-01-07 15:37:17'),
('99238','66683342','2017-10-28 01:07:45'),
('240779','78186','2014-03-21 12:23:39'),
('260568','386','2019-12-02 23:58:04'),
('439166','184018','2014-05-29 23:33:11'),
('477976','7443','2011-05-12 18:24:19'),
('487840','11296','2014-12-28 14:18:50'),
('537731','74','2012-09-20 11:26:41'),
('709936','244559431','2011-06-06 21:43:36'),
('768232','76677','2012-01-03 02:07:37'),
('922153','70','2015-05-13 14:06:11'),
('931459','579089','2019-10-11 19:18:37'),
('948183','393','2019-11-21 21:50:06'),
('949192','259587951','2013-08-18 01:25:52'),
('3205305','18607','2013-11-09 05:42:30'),
('4423585','896996','2014-10-17 23:39:09'),
('5020176','29402','2015-11-02 07:33:54'),
('7206385','75','2018-09-05 03:50:12'),
('8033100','79690','2016-09-24 20:17:06'),
('8266866','814888','2016-02-19 06:35:49'),
('8376456','25523','2013-03-07 13:22:05'),
('8878259','55593556','2011-03-25 17:54:55'),
('9695363','800866','2018-10-07 19:06:17'),
('9914752','7285','2020-11-17 18:52:44'),
('34789482','851083','2013-12-06 14:20:55'),
('80449682','62','2013-08-03 13:22:07'),
('90067951','48243069','2020-08-06 23:08:04'),
('98601257','29276745','2018-09-18 17:40:41'),
('107497680','6164542','2010-12-31 08:37:19'),
('111898810','998931766','2014-05-13 19:23:40'),
('139409847','73668','2020-08-09 16:44:20'),
('234795514','49','2016-06-15 11:03:48'),
('450320980','33','2020-08-02 07:25:40'),
('486252771','8855030','2016-06-27 10:55:16'),
('506890282','92976372','2015-07-04 13:26:38'),
('528775908','851449','2018-06-30 01:02:30'),
('574199845','4458','2017-03-18 22:10:01'),
('694275911','83','2011-12-01 18:18:43'),
('763234332','1085827','2014-04-19 08:02:31'),
('763975959','1123669','2017-02-25 07:56:08'),
('782783186','36759','2020-02-17 21:47:55'),
('789253324','7536','2015-09-11 18:09:12'),
('911387908','808','2011-04-11 02:36:02'),
('942465620','6314704','2015-07-14 11:26:16'),
('966543391','1165715','2014-06-29 16:11:48'); 




/*!40101 SET SQL_MODE=@OLD_SQL_MODE */;
/*!40014 SET FOREIGN_KEY_CHECKS=@OLD_FOREIGN_KEY_CHECKS */;
/*!40014 SET UNIQUE_CHECKS=@OLD_UNIQUE_CHECKS */;
/*!40101 SET CHARACTER_SET_CLIENT=@OLD_CHARACTER_SET_CLIENT */;
/*!40101 SET CHARACTER_SET_RESULTS=@OLD_CHARACTER_SET_RESULTS */;
/*!40101 SET COLLATION_CONNECTION=@OLD_COLLATION_CONNECTION */;
/*!40111 SET SQL_NOTES=@OLD_SQL_NOTES */;

show databases;

use vk;

show tables;

select * from users limit 10;

update users set updated_at = now() where updated_at < created_at;

select * from profiles limit 10;

create temporary table genders (name char(1));

select * from genders;

insert into genders values ('M') , ('F');

update profiles set gender = (select name from genders order by rand() limit 1);

update profiles set updated_at = now() where updated_at < created_at;

select * from profiles limit 10;

select * from messages limit 10;

select floor(1 + rand() * 100);

update messages set 
	from_user_id = floor(1 + rand() * 100),
	to_user_id = floor(1 + rand() * 100);

select * from media limit 10;

update media set updated_at = now() where updated_at < created_at;

update media set user_id = floor(1 + rand() * 100);


create temporary table extension (name varchar(10));

select * from extension;

insert into extension values 
	('jpeg'), 
	('avi'),
	('mpeg4'), 
	('png');

update media set filename = concat(
	'http://dropbox.net/vk/',
	filename,
	'.',
	(select name from extension order by rand() limit 1));
	
update media set size = floor(10000 + rand() * 100000000)
	where size < 10000;

update media set metadata = concat(
	'{"owner":"',
	(select concat(first_name, ' ', last_name) from users where id = user_id),
	'"}');

select * from media_types limit 10;

delete from media_types;

insert into media_types (name) values
	('image'), 
	('video'),
	('audio');

truncate media_types;

update media set media_type_id = floor(1 + rand() * 3);

select * from media limit 10;

select * from friendship limit 10;

update friendship set 
	user_id = floor(1 + rand() * 100),
	friend_id = floor(1 + rand() * 100);

update friendship set updated_at = now() where updated_at < created_at;

update friendship set confirmed_at = now() where requested_at > confirmed_at ;

truncate friendship_statuses;

insert into friendship_statuses (name) values
	('requested'), 
	('confirmed'),
	('rejected');

update friendship set friendship_status_id = floor(1 + rand() * 3);

select * from friendship_statuses;

select * from communities;

update communities set updated_at = now() where updated_at < created_at;

select * from communities_users;

update communities_users set user_id = floor(1 + rand() * 100);

update communities_users set community_id = floor(1 + rand() * 20);

